{
    "loop_multiplication": {
        "2": {
            "2_split": {
                "log": "2_split",
                "memory": 2.0727394,
                "time": {
                    "compile": 2336.243049,
                    "setUp": 0.0,
                    "solve": 0.0,
                    "split": 0.0,
                    "build": 0.0,
                    "total": 21989.683116999997
                }
            },
            "serial_running": {
                "log": "serial_running",
                "memory": 1.7220873,
                "time": {
                    "compile": 2157.108224,
                    "setUp": 32948.592691000005,
                    "solve": 1547.762563,
                    "split": 0.0,
                    "build": 0.0,
                    "total": 34519.069523
                }
            },
            "3_split": {
                "log": "3_split",
                "memory": 2.047599,
                "time": {
                    "compile": 2543.452877,
                    "setUp": 0.0,
                    "solve": 0.0,
                    "split": 0.0,
                    "build": 0.0,
                    "total": 20577.65419
                }
            }
        },
        "64": {
            "2_split": {
                "log": "2_split",
                "memory": 2.7612207,
                "time": {
                    "compile": 2439.731612,
                    "setUp": 0.0,
                    "solve": 0.0,
                    "split": 0.0,
                    "build": 0.0,
                    "total": 639123.57819
                }
            },
            "3_split": {
                "log": "3_split",
                "memory": 2.4805691,
                "time": {
                    "compile": 2657.451086,
                    "setUp": 0.0,
                    "solve": 0.0,
                    "split": 0.0,
                    "build": 0.0,
                    "total": 575025.173166
                }
            },
            "serial_running": {
                "log": "serial_running",
                "memory": 1.7884793,
                "time": {
                    "compile": 2203.990115,
                    "setUp": 1062853.267678,
                    "solve": 48935.695263,
                    "split": 0.0,
                    "build": 0.0,
                    "total": 1112517.389279
                }
            }
        },
        "16": {
            "2_split": {
                "log": "2_split",
                "memory": 2.2731283,
                "time": {
                    "compile": 2416.9261539999998,
                    "setUp": 0.0,
                    "solve": 0.0,
                    "split": 0.0,
                    "build": 0.0,
                    "total": 161763.896542
                }
            },
            "serial_running": {
                "log": "serial_running",
                "memory": 1.7884233,
                "time": {
                    "compile": 2222.36387,
                    "setUp": 264945.562726,
                    "solve": 12504.824448000001,
                    "split": 0.0,
                    "build": 0.0,
                    "total": 277643.559603
                }
            },
            "3_split": {
                "log": "3_split",
                "memory": 2.426532,
                "time": {
                    "compile": 2523.661915,
                    "setUp": 0.0,
                    "solve": 0.0,
                    "split": 0.0,
                    "build": 0.0,
                    "total": 146214.014225
                }
            }
        },
        "128": {
            "serial_running": {
                "log": "serial_running",
                "memory": 1.7884781,
                "time": {
                    "compile": 2156.2865659999998,
                    "setUp": 2124344.177112,
                    "solve": 95977.08331399999,
                    "split": 0.0,
                    "build": 0.0,
                    "total": 2221784.305383
                }
            },
            "2_split": {
                "log": "2_split",
                "memory": 2.5864062,
                "time": {
                    "compile": 2382.885844,
                    "setUp": 0.0,
                    "solve": 0.0,
                    "split": 0.0,
                    "build": 0.0,
                    "total": 1276983.864624
                }
            },
            "3_split": {
                "log": "3_split",
                "memory": 2.844044,
                "time": {
                    "compile": 2522.239642,
                    "setUp": 0.0,
                    "solve": 0.0,
                    "split": 0.0,
                    "build": 0.0,
                    "total": 1141820.207942
                }
            }
        },
        "8": {
            "3_split": {
                "log": "3_split",
                "memory": 2.310643,
                "time": {
                    "compile": 2502.197033,
                    "setUp": 0.0,
                    "solve": 0.0,
                    "split": 0.0,
                    "build": 0.0,
                    "total": 74767.083144
                }
            },
            "2_split": {
                "log": "2_split",
                "memory": 2.0322049,
                "time": {
                    "compile": 2399.8219480000002,
                    "setUp": 0.0,
                    "solve": 0.0,
                    "split": 0.0,
                    "build": 0.0,
                    "total": 81983.153169
                }
            },
            "serial_running": {
                "log": "serial_running",
                "memory": 1.788452,
                "time": {
                    "compile": 2246.305279,
                    "setUp": 132093.757917,
                    "solve": 6121.712001,
                    "split": 0.0,
                    "build": 0.0,
                    "total": 138303.092943
                }
            }
        },
        "32": {
            "2_split": {
                "log": "2_split",
                "memory": 2.1636083,
                "time": {
                    "compile": 2474.11793,
                    "setUp": 0.0,
                    "solve": 0.0,
                    "split": 0.0,
                    "build": 0.0,
                    "total": 317590.983647
                }
            },
            "serial_running": {
                "log": "serial_running",
                "memory": 1.7884868,
                "time": {
                    "compile": 2278.569959,
                    "setUp": 530880.679981,
                    "solve": 24457.621881000003,
                    "split": 0.0,
                    "build": 0.0,
                    "total": 555705.079464
                }
            },
            "3_split": {
                "log": "3_split",
                "memory": 2.543946,
                "time": {
                    "compile": 2532.0263,
                    "setUp": 0.0,
                    "solve": 0.0,
                    "split": 0.0,
                    "build": 0.0,
                    "total": 287580.880505
                }
            }
        },
        "4": {
            "2_split": {
                "log": "2_split",
                "memory": 2.1068559,
                "time": {
                    "compile": 2427.872951,
                    "setUp": 0.0,
                    "solve": 0.0,
                    "split": 0.0,
                    "build": 0.0,
                    "total": 41968.023264999996
                }
            },
            "3_split": {
                "log": "3_split",
                "memory": 2.0987122,
                "time": {
                    "compile": 2476.5953170000003,
                    "setUp": 0.0,
                    "solve": 0.0,
                    "split": 0.0,
                    "build": 0.0,