{"multiplication": {"n_split": {"log": "n_split", "memory": 1.1198409, "time": {"compile": 2750.91824, "setUp": 11669.246144, "solve": 1675.259372, "split": 92.267405, "build": 2300.937044, "total": 18488.758527}}, "normal_running": {"log": "normal_running", "memory": 1.66726, "time": {"compile": 2713.090721, "setUp": 11687.570191, "solve": 1340.684587, "split": 0.0, "build": 0.0, "total": 15741.382779}}}, "fib": {}, "verify": {"normal_running": {"log": "normal_running", "memory": 6.954881, "time": {"compile": 18084.746979, "setUp": 167062.805885, "solve": 8255.290636, "split": 0.0, "build": 0.0, "total": 193402.853483}}, "n_split": {"log": "n_split", "memory": 5.480912, "time": {"compile": 18413.288416, "setUp": 168664.513121, "solve": 9925.615613, "split": 712.829368, "build": 10835.849031, "total": 208700.749631}}}, "fib_square": {"n_split": {"log": "n_split", "memory": 4.3811994, "time": {"compile": 13769.527124, "setUp": 47330.268388, "solve": 5547.589575, "split": 516.316212, "build": 11355.965959000001, "total": 78519.82007}}, "normal_running": {"log": "normal_running", "memory": 6.386671, "time": {"compile": 13422.461808, "setUp": 46982.609959, "solve": 3594.967834, "split": 0.0, "build": 0.0, "total": 64000.086351}}}}