{"loop_multiplication": {"3": {"log": "3_split", "memory": 0.7371348, "time": {"compile": 2453.178647, "setUp": 10452.169253, "solve": 1141.183417, "split": 0.0, "build": 1278.33912, "total": 15595.66436}}, "2": {"log": "2_split", "memory": 0.95329285, "time": {"compile": 2881.545779, "setUp": 9411.074958000001, "solve": 980.607546, "split": 0.0, "build": 1558.651058, "total": 15041.727525}}, "5": {"log": "5_split", "memory": 0.47234023, "time": {"compile": 2552.194638, "setUp": 10229.177352, "solve": 1016.873946, "split": 0.0, "build": 1256.659184, "total": 15333.831827}}, "4": {"log": "4_split", "memory": 0.59893984, "time": {"compile": 2546.450726, "setUp": 9611.770947, "solve": 1013.5546929999999, "split": 0.0, "build": 1396.9681819999998, "total": 14836.596002}}, "1": {"log": "normal_running", "memory": 1.6912999, "time": {"compile": 2526.564006, "setUp": 9177.907835999998, "solve": 895.371662, "split": 0.0, "build": 0.0, "total": 12599.884884}}}, "fib": {}, "verify": {}, "fib_square": {"3": {"log": "3_split", "memory": 2.560337, "time": {"compile": 11938.918801, "setUp": 40621.88177, "solve": 3168.620644, "split": 0.0, "build": 7075.088217, "total": 63610.6682}}, "2": {"log": "2_split", "memory": 3.3805373, "time": {"compile": 12486.707067, "setUp": 37025.658129999996, "solve": 3045.199984, "split": 0.0, "build": 7302.092814, "total": 60560.040045}}, "5": {"log": "5_split", "memory": 1.793721, "time": {"compile": 11613.361539, "setUp": 38996.610199, "solve": 3022.1046579999997, "split": 0.0, "build": 6781.051486, "total": 61275.823243}}, "4": {"log": "4_split", "memory": 2.3212748, "time": {"compile": 11841.165642, "setUp": 37298.577045, "solve": 3146.484742, "split": 0.0, "build": 7262.703513, "total": 60359.659582}}, "1": {"log": "normal_running", "memory": 6.699198, "time": {"compile": 12128.211315999999, "setUp": 35829.691633, "solve": 2284.47201, "split": 0.0, "build": 0.0, "total": 50242.409348}}}}